{"cameraMode":{"drawMode":0,"name":"Shaded","section":"Shading Mode"},"sceneLighting":false,"audioPlay":false,"sceneViewState":{"m_AlwaysRefresh":false,"showFog":true,"showSkybox":false,"showFlares":true,"showImageEffects":true,"showParticleSystems":true,"showVisualEffectGraphs":true,"m_FxEnabled":true},"in2DMode":false,"pivot":{"x":0.3033548593521118,"y":0.05146600306034088,"z":-0.17040133476257325},"rotation":{"x":-0.13261722028255464,"y":-0.27076733112335207,"z":0.03769034519791603,"w":-0.9527207016944885},"size":1.4517110586166382,"orthographic":false}