{"cameraMode":{"drawMode":0,"name":"Shaded","section":"Shading Mode"},"sceneLighting":false,"audioPlay":false,"sceneViewState":{"m_AlwaysRefresh":false,"showFog":true,"showSkybox":false,"showFlares":true,"showImageEffects":true,"showParticleSystems":true,"showVisualEffectGraphs":true,"m_FxEnabled":true},"in2DMode":false,"pivot":{"x":-0.6997658610343933,"y":2.061399459838867,"z":-0.4439809322357178},"rotation":{"x":0.12949003279209138,"y":-0.6495305895805359,"z":0.11357162147760391,"w":0.7405703663825989},"size":0.4707382917404175,"orthographic":false}