{"cameraMode":{"drawMode":0,"name":"Shaded","section":"Shading Mode"},"sceneLighting":false,"audioPlay":false,"sceneViewState":{"m_AlwaysRefresh":false,"showFog":true,"showSkybox":false,"showFlares":true,"showImageEffects":true,"showParticleSystems":true,"showVisualEffectGraphs":true,"m_FxEnabled":true},"in2DMode":false,"pivot":{"x":-0.8106271028518677,"y":1.816072940826416,"z":0.09868369996547699},"rotation":{"x":0.00034803838934749365,"y":-0.988286554813385,"z":0.1527116745710373,"w":0.002147929510101676},"size":2.270738124847412,"orthographic":false}