{"cameraMode":{"drawMode":0,"name":"Shaded","section":"Shading Mode"},"sceneLighting":false,"audioPlay":false,"sceneViewState":{"m_AlwaysRefresh":false,"showFog":true,"showSkybox":false,"showFlares":true,"showImageEffects":true,"showParticleSystems":true,"showVisualEffectGraphs":true,"m_FxEnabled":true},"in2DMode":false,"pivot":{"x":-1.0774931907653809,"y":0.8304105997085571,"z":1.365853190422058},"rotation":{"x":0.06111573800444603,"y":-0.03539878875017166,"z":-0.002151340711861849,"w":-0.9975177645683289},"size":1.7660253047943116,"orthographic":false}